Control_ID,Title,Section,Automation_Type,AWS_Checks,Azure_Checks,GCP_Checks,Oracle_Checks,IBM_Checks,Alicloud_Checks,Total_Checks
164_308_a_1_ii_a,164_308_a_1_ii_a: 164.308(a)(1)(ii)(A) Risk analysis,164.308 Administrative Safeguards,automated,config_recorder_all_regions_enabled; guardduty_is_enabled,,,oracle_cloud_guard_is_enabled; oracle_config_recorder_all_regions_enabled,ibm_config_recorder_all_regions_enabled; ibm_security_advisor_is_enabled,alicloud_config_recorder_all_regions_enabled; alicloud_threat_detection_is_enabled,8
164_308_a_1_ii_b,164_308_a_1_ii_b: 164.308(a)(1)(ii)(B) Risk Management,164.308 Administrative Safeguards,automated,awslambda_function_not_publicly_accessible; awslambda_function_url_public; cloudtrail_kms_encryption_enabled; cloudtrail_log_file_validation_enabled; cloudwatch_log_group_kms_encryption_enabled; dynamodb_tables_pitr_enabled; ec2_ebs_default_encryption; ec2_ebs_public_snapshot; ec2_ebs_volume_encryption; ec2_instance_older_than_specific_days; ec2_instance_public_ip; ec2_networkacl_allow_ingress_any_port; ec2_securitygroup_allow_ingress_from_internet_to_tcp_port_22; efs_encryption_at_rest_enabled; elb_ssl_listeners; elbv2_deletion_protection; emr_cluster_master_nodes_no_public_ip; iam_aws_attached_policy_no_administrative_privileges; iam_customer_attached_policy_no_administrative_privileges; iam_inline_policy_no_administrative_privileges; iam_no_root_access_key; opensearch_service_domains_encryption_at_rest_enabled; rds_instance_backup_enabled; rds_instance_multi_az; rds_instance_storage_encrypted; rds_snapshots_public_access; redshift_cluster_audit_logging; redshift_cluster_public_access; s3_account_level_public_access_blocks; s3_bucket_default_encryption; s3_bucket_object_versioning; s3_bucket_policy_public_write_access; s3_bucket_public_access; s3_bucket_secure_transport_policy; sagemaker_notebook_instance_encryption_enabled; sagemaker_notebook_instance_without_direct_internet_access_configured; sns_topics_kms_encryption_at_rest_enabled,,,oracle_audit_kms_encryption_enabled; oracle_audit_log_file_validation_enabled; oracle_awslambda_function_not_publicly_accessible; oracle_awslambda_function_url_public; oracle_compute_ebs_default_encryption; oracle_compute_ebs_public_snapshot; oracle_compute_ebs_volume_encryption; oracle_compute_instance_older_than_specific_days; oracle_compute_instance_public_ip; oracle_compute_networkacl_allow_ingress_any_port; oracle_compute_securitygroup_allow_ingress_from_internet_to_tcp_port_22; oracle_database_instance_backup_enabled; oracle_database_instance_multi_az; oracle_database_instance_storage_encrypted; oracle_database_snapshots_public_access; oracle_dynamodb_tables_pitr_enabled; oracle_efs_encryption_at_rest_enabled; oracle_elb_ssl_listeners; oracle_elbv2_deletion_protection; oracle_emr_cluster_master_nodes_no_public_ip; oracle_identity_aws_attached_policy_no_administrative_privileges; oracle_identity_customer_attached_policy_no_administrative_privileges; oracle_identity_inline_policy_no_administrative_privileges; oracle_identity_no_root_access_key; oracle_monitoring_log_group_kms_encryption_enabled; oracle_object_storage_account_level_public_access_blocks; oracle_object_storage_bucket_default_encryption; oracle_object_storage_bucket_object_versioning; oracle_object_storage_bucket_policy_public_write_access; oracle_object_storage_bucket_public_access; oracle_object_storage_bucket_secure_transport_policy; oracle_opensearch_service_domains_encryption_at_rest_enabled; oracle_redshift_cluster_audit_logging; oracle_redshift_cluster_public_access; oracle_sagemaker_notebook_instance_encryption_enabled; oracle_sagemaker_notebook_instance_without_direct_internet_access_configured; oracle_sns_topics_kms_encryption_at_rest_enabled,ibm_activity_tracker_kms_encryption_enabled; ibm_activity_tracker_log_file_validation_enabled; ibm_awslambda_function_not_publicly_accessible; ibm_awslambda_function_url_public; ibm_cos_account_level_public_access_blocks; ibm_cos_bucket_default_encryption; ibm_cos_bucket_object_versioning; ibm_cos_bucket_policy_public_write_access; ibm_cos_bucket_public_access; ibm_cos_bucket_secure_transport_policy; ibm_database_instance_backup_enabled; ibm_database_instance_multi_az; ibm_database_instance_storage_encrypted; ibm_database_snapshots_public_access; ibm_dynamodb_tables_pitr_enabled; ibm_efs_encryption_at_rest_enabled; ibm_elb_ssl_listeners; ibm_elbv2_deletion_protection; ibm_emr_cluster_master_nodes_no_public_ip; ibm_iam_aws_attached_policy_no_administrative_privileges; ibm_iam_customer_attached_policy_no_administrative_privileges; ibm_iam_inline_policy_no_administrative_privileges; ibm_iam_no_root_access_key; ibm_monitoring_log_group_kms_encryption_enabled; ibm_opensearch_service_domains_encryption_at_rest_enabled; ibm_redshift_cluster_audit_logging; ibm_redshift_cluster_public_access; ibm_sagemaker_notebook_instance_encryption_enabled; ibm_sagemaker_notebook_instance_without_direct_internet_access_configured; ibm_sns_topics_kms_encryption_at_rest_enabled; ibm_vsi_ebs_default_encryption; ibm_vsi_ebs_public_snapshot; ibm_vsi_ebs_volume_encryption; ibm_vsi_instance_older_than_specific_days; ibm_vsi_instance_public_ip; ibm_vsi_networkacl_allow_ingress_any_port; ibm_vsi_securitygroup_allow_ingress_from_internet_to_tcp_port_22,alicloud_actiontrail_kms_encryption_enabled; alicloud_actiontrail_log_file_validation_enabled; alicloud_awslambda_function_not_publicly_accessible; alicloud_awslambda_function_url_public; alicloud_cloudmonitor_log_group_kms_encryption_enabled; alicloud_dynamodb_tables_pitr_enabled; alicloud_ecs_ebs_default_encryption; alicloud_ecs_ebs_public_snapshot; alicloud_ecs_ebs_volume_encryption; alicloud_ecs_instance_older_than_specific_days; alicloud_ecs_instance_public_ip; alicloud_ecs_networkacl_allow_ingress_any_port; alicloud_ecs_securitygroup_allow_ingress_from_internet_to_tcp_port_22; alicloud_efs_encryption_at_rest_enabled; alicloud_elb_ssl_listeners; alicloud_elbv2_deletion_protection; alicloud_emr_cluster_master_nodes_no_public_ip; alicloud_opensearch_service_domains_encryption_at_rest_enabled; alicloud_oss_account_level_public_access_blocks; alicloud_oss_bucket_default_encryption; alicloud_oss_bucket_object_versioning; alicloud_oss_bucket_policy_public_write_access; alicloud_oss_bucket_public_access; alicloud_oss_bucket_secure_transport_policy; alicloud_ram_aws_attached_policy_no_administrative_privileges; alicloud_ram_customer_attached_policy_no_administrative_privileges; alicloud_ram_inline_policy_no_administrative_privileges; alicloud_ram_no_root_access_key; alicloud_rds_instance_backup_enabled; alicloud_rds_instance_multi_az; alicloud_rds_instance_storage_encrypted; alicloud_rds_snapshots_public_access; alicloud_redshift_cluster_audit_logging; alicloud_redshift_cluster_public_access; alicloud_sagemaker_notebook_instance_encryption_enabled; alicloud_sagemaker_notebook_instance_without_direct_internet_access_configured; alicloud_sns_topics_kms_encryption_at_rest_enabled,148
164_308_a_1_ii_d,164_308_a_1_ii_d: 164.308(a)(1)(ii)(D) Information system activity review,164.308 Administrative Safeguards,automated,apigateway_restapi_logging_enabled; cloudtrail_cloudwatch_logging_enabled; cloudtrail_kms_encryption_enabled; cloudtrail_log_file_validation_enabled; cloudtrail_multi_region_enabled; cloudtrail_s3_dataevents_read_enabled; cloudtrail_s3_dataevents_write_enabled; elb_logging_enabled; elbv2_logging_enabled; guardduty_is_enabled; redshift_cluster_audit_logging; s3_bucket_server_access_logging_enabled; securityhub_enabled; vpc_flow_logs_enabled,,,oracle_apigateway_restapi_logging_enabled; oracle_audit_cloudwatch_logging_enabled; oracle_audit_kms_encryption_enabled; oracle_audit_log_file_validation_enabled; oracle_audit_multi_region_enabled; oracle_audit_s3_dataevents_read_enabled; oracle_audit_s3_dataevents_write_enabled; oracle_cloud_guard_enabled; oracle_cloud_guard_is_enabled; oracle_elb_logging_enabled; oracle_elbv2_logging_enabled; oracle_object_storage_bucket_server_access_logging_enabled; oracle_redshift_cluster_audit_logging; oracle_vcn_flow_logs_enabled,ibm_activity_tracker_cloudwatch_logging_enabled; ibm_activity_tracker_kms_encryption_enabled; ibm_activity_tracker_log_file_validation_enabled; ibm_activity_tracker_multi_region_enabled; ibm_activity_tracker_s3_dataevents_read_enabled; ibm_activity_tracker_s3_dataevents_write_enabled; ibm_apigateway_restapi_logging_enabled; ibm_cos_bucket_server_access_logging_enabled; ibm_elb_logging_enabled; ibm_elbv2_logging_enabled; ibm_redshift_cluster_audit_logging; ibm_security_advisor_enabled; ibm_security_advisor_is_enabled; ibm_vpc_flow_logs_enabled,alicloud_actiontrail_cloudwatch_logging_enabled; alicloud_actiontrail_kms_encryption_enabled; alicloud_actiontrail_log_file_validation_enabled; alicloud_actiontrail_multi_region_enabled; alicloud_actiontrail_s3_dataevents_read_enabled; alicloud_actiontrail_s3_dataevents_write_enabled; alicloud_apigateway_restapi_logging_enabled; alicloud_elb_logging_enabled; alicloud_elbv2_logging_enabled; alicloud_oss_bucket_server_access_logging_enabled; alicloud_redshift_cluster_audit_logging; alicloud_security_center_enabled; alicloud_threat_detection_is_enabled; alicloud_vpc_flow_logs_enabled,56
164_308_a_3_i,164_308_a_3_i: 164.308(a)(3)(i) Workforce security,164.308 Administrative Safeguards,automated,awslambda_function_not_publicly_accessible; awslambda_function_url_public; ec2_ebs_public_snapshot; ec2_instance_public_ip; iam_aws_attached_policy_no_administrative_privileges; iam_customer_attached_policy_no_administrative_privileges; iam_inline_policy_no_administrative_privileges; iam_no_root_access_key; rds_instance_no_public_access; rds_snapshots_public_access; redshift_cluster_public_access; s3_account_level_public_access_blocks; s3_bucket_policy_public_write_access; s3_bucket_public_access; sagemaker_notebook_instance_without_direct_internet_access_configured,,,oracle_awslambda_function_not_publicly_accessible; oracle_awslambda_function_url_public; oracle_compute_ebs_public_snapshot; oracle_compute_instance_public_ip; oracle_database_instance_no_public_access; oracle_database_snapshots_public_access; oracle_identity_aws_attached_policy_no_administrative_privileges; oracle_identity_customer_attached_policy_no_administrative_privileges; oracle_identity_inline_policy_no_administrative_privileges; oracle_identity_no_root_access_key; oracle_object_storage_account_level_public_access_blocks; oracle_object_storage_bucket_policy_public_write_access; oracle_object_storage_bucket_public_access; oracle_redshift_cluster_public_access; oracle_sagemaker_notebook_instance_without_direct_internet_access_configured,ibm_awslambda_function_not_publicly_accessible; ibm_awslambda_function_url_public; ibm_cos_account_level_public_access_blocks; ibm_cos_bucket_policy_public_write_access; ibm_cos_bucket_public_access; ibm_database_instance_no_public_access; ibm_database_snapshots_public_access; ibm_iam_aws_attached_policy_no_administrative_privileges; ibm_iam_customer_attached_policy_no_administrative_privileges; ibm_iam_inline_policy_no_administrative_privileges; ibm_iam_no_root_access_key; ibm_redshift_cluster_public_access; ibm_sagemaker_notebook_instance_without_direct_internet_access_configured; ibm_vsi_ebs_public_snapshot; ibm_vsi_instance_public_ip,alicloud_awslambda_function_not_publicly_accessible; alicloud_awslambda_function_url_public; alicloud_ecs_ebs_public_snapshot; alicloud_ecs_instance_public_ip; alicloud_oss_account_level_public_access_blocks; alicloud_oss_bucket_policy_public_write_access; alicloud_oss_bucket_public_access; alicloud_ram_aws_attached_policy_no_administrative_privileges; alicloud_ram_customer_attached_policy_no_administrative_privileges; alicloud_ram_inline_policy_no_administrative_privileges; alicloud_ram_no_root_access_key; alicloud_rds_instance_no_public_access; alicloud_rds_snapshots_public_access; alicloud_redshift_cluster_public_access; alicloud_sagemaker_notebook_instance_without_direct_internet_access_configured,60
164_308_a_3_ii_a,164_308_a_3_ii_a: 164.308(a)(3)(ii)(A) Authorization and/or supervision,164.308 Administrative Safeguards,automated,apigateway_restapi_logging_enabled; cloudtrail_multi_region_enabled; cloudtrail_s3_dataevents_read_enabled; cloudtrail_s3_dataevents_write_enabled; elb_logging_enabled; elbv2_logging_enabled; guardduty_is_enabled; iam_root_hardware_mfa_enabled; iam_root_mfa_enabled; iam_user_mfa_enabled_console_access; redshift_cluster_audit_logging; s3_bucket_server_access_logging_enabled; securityhub_enabled; vpc_flow_logs_enabled,,,oracle_apigateway_restapi_logging_enabled; oracle_audit_multi_region_enabled; oracle_audit_s3_dataevents_read_enabled; oracle_audit_s3_dataevents_write_enabled; oracle_cloud_guard_enabled; oracle_cloud_guard_is_enabled; oracle_elb_logging_enabled; oracle_elbv2_logging_enabled; oracle_identity_root_hardware_mfa_enabled; oracle_identity_root_mfa_enabled; oracle_identity_user_mfa_enabled_console_access; oracle_object_storage_bucket_server_access_logging_enabled; oracle_redshift_cluster_audit_logging; oracle_vcn_flow_logs_enabled,ibm_activity_tracker_multi_region_enabled; ibm_activity_tracker_s3_dataevents_read_enabled; ibm_activity_tracker_s3_dataevents_write_enabled; ibm_apigateway_restapi_logging_enabled; ibm_cos_bucket_server_access_logging_enabled; ibm_elb_logging_enabled; ibm_elbv2_logging_enabled; ibm_iam_root_hardware_mfa_enabled; ibm_iam_root_mfa_enabled; ibm_iam_user_mfa_enabled_console_access; ibm_redshift_cluster_audit_logging; ibm_security_advisor_enabled; ibm_security_advisor_is_enabled; ibm_vpc_flow_logs_enabled,alicloud_actiontrail_multi_region_enabled; alicloud_actiontrail_s3_dataevents_read_enabled; alicloud_actiontrail_s3_dataevents_write_enabled; alicloud_apigateway_restapi_logging_enabled; alicloud_elb_logging_enabled; alicloud_elbv2_logging_enabled; alicloud_oss_bucket_server_access_logging_enabled; alicloud_ram_root_hardware_mfa_enabled; alicloud_ram_root_mfa_enabled; alicloud_ram_user_mfa_enabled_console_access; alicloud_redshift_cluster_audit_logging; alicloud_security_center_enabled; alicloud_threat_detection_is_enabled; alicloud_vpc_flow_logs_enabled,56
164_308_a_3_ii_b,164_308_a_3_ii_b: 164.308(a)(3)(ii)(B) Workforce clearance procedure,164.308 Administrative Safeguards,automated,iam_aws_attached_policy_no_administrative_privileges; iam_customer_attached_policy_no_administrative_privileges; iam_inline_policy_no_administrative_privileges; iam_no_root_access_key; iam_user_accesskey_unused; iam_user_console_access_unused,,,oracle_identity_aws_attached_policy_no_administrative_privileges; oracle_identity_customer_attached_policy_no_administrative_privileges; oracle_identity_inline_policy_no_administrative_privileges; oracle_identity_no_root_access_key; oracle_identity_user_accesskey_unused; oracle_identity_user_console_access_unused,ibm_iam_aws_attached_policy_no_administrative_privileges; ibm_iam_customer_attached_policy_no_administrative_privileges; ibm_iam_inline_policy_no_administrative_privileges; ibm_iam_no_root_access_key; ibm_iam_user_accesskey_unused; ibm_iam_user_console_access_unused,alicloud_ram_aws_attached_policy_no_administrative_privileges; alicloud_ram_customer_attached_policy_no_administrative_privileges; alicloud_ram_inline_policy_no_administrative_privileges; alicloud_ram_no_root_access_key; alicloud_ram_user_accesskey_unused; alicloud_ram_user_console_access_unused,24
164_308_a_3_ii_c,164_308_a_3_ii_c: 164.308(a)(3)(ii)(C) Termination procedures,164.308 Administrative Safeguards,automated,iam_rotate_access_key_90_days,,,oracle_identity_rotate_access_key_90_days,ibm_iam_rotate_access_key_90_days,alicloud_ram_rotate_access_key_90_days,4
164_308_a_4_i,164_308_a_4_i: 164.308(a)(4)(i) Information access management,164.308 Administrative Safeguards,automated,iam_aws_attached_policy_no_administrative_privileges; iam_customer_attached_policy_no_administrative_privileges; iam_inline_policy_no_administrative_privileges,,,oracle_identity_aws_attached_policy_no_administrative_privileges; oracle_identity_customer_attached_policy_no_administrative_privileges; oracle_identity_inline_policy_no_administrative_privileges,ibm_iam_aws_attached_policy_no_administrative_privileges; ibm_iam_customer_attached_policy_no_administrative_privileges; ibm_iam_inline_policy_no_administrative_privileges,alicloud_ram_aws_attached_policy_no_administrative_privileges; alicloud_ram_customer_attached_policy_no_administrative_privileges; alicloud_ram_inline_policy_no_administrative_privileges,12
164_308_a_4_ii_a,164_308_a_4_ii_a: 164.308(a)(4)(ii)(A) Isolating health care clearinghouse functions,164.308 Administrative Safeguards,automated,acm_certificates_expiration_check; cloudfront_distributions_https_enabled; cloudtrail_kms_encryption_enabled; cloudwatch_log_group_kms_encryption_enabled; dynamodb_accelerator_cluster_encryption_enabled; dynamodb_tables_kms_cmk_encryption_enabled; ec2_ebs_default_encryption; ec2_ebs_volume_encryption; efs_encryption_at_rest_enabled; eks_cluster_kms_cmk_encryption_in_secrets_enabled; elb_ssl_listeners; opensearch_service_domains_encryption_at_rest_enabled; opensearch_service_domains_node_to_node_encryption_enabled; rds_instance_backup_enabled; rds_instance_integration_cloudwatch_logs; rds_instance_storage_encrypted; redshift_cluster_audit_logging; redshift_cluster_automated_snapshot; s3_bucket_default_encryption; sagemaker_notebook_instance_encryption_enabled; sns_topics_kms_encryption_at_rest_enabled,,,oracle_acm_certificates_expiration_check; oracle_audit_kms_encryption_enabled; oracle_cloudfront_distributions_https_enabled; oracle_compute_ebs_default_encryption; oracle_compute_ebs_volume_encryption; oracle_database_instance_backup_enabled; oracle_database_instance_integration_cloudwatch_logs; oracle_database_instance_storage_encrypted; oracle_dynamodb_accelerator_cluster_encryption_enabled; oracle_dynamodb_tables_kms_cmk_encryption_enabled; oracle_efs_encryption_at_rest_enabled; oracle_eks_cluster_kms_cmk_encryption_in_secrets_enabled; oracle_elb_ssl_listeners; oracle_monitoring_log_group_kms_encryption_enabled; oracle_object_storage_bucket_default_encryption; oracle_opensearch_service_domains_encryption_at_rest_enabled; oracle_opensearch_service_domains_node_to_node_encryption_enabled; oracle_redshift_cluster_audit_logging; oracle_redshift_cluster_automated_snapshot; oracle_sagemaker_notebook_instance_encryption_enabled; oracle_sns_topics_kms_encryption_at_rest_enabled,ibm_acm_certificates_expiration_check; ibm_activity_tracker_kms_encryption_enabled; ibm_cloudfront_distributions_https_enabled; ibm_cos_bucket_default_encryption; ibm_database_instance_backup_enabled; ibm_database_instance_integration_cloudwatch_logs; ibm_database_instance_storage_encrypted; ibm_dynamodb_accelerator_cluster_encryption_enabled; ibm_dynamodb_tables_kms_cmk_encryption_enabled; ibm_efs_encryption_at_rest_enabled; ibm_eks_cluster_kms_cmk_encryption_in_secrets_enabled; ibm_elb_ssl_listeners; ibm_monitoring_log_group_kms_encryption_enabled; ibm_opensearch_service_domains_encryption_at_rest_enabled; ibm_opensearch_service_domains_node_to_node_encryption_enabled; ibm_redshift_cluster_audit_logging; ibm_redshift_cluster_automated_snapshot; ibm_sagemaker_notebook_instance_encryption_enabled; ibm_sns_topics_kms_encryption_at_rest_enabled; ibm_vsi_ebs_default_encryption; ibm_vsi_ebs_volume_encryption,alicloud_acm_certificates_expiration_check; alicloud_actiontrail_kms_encryption_enabled; alicloud_cloudfront_distributions_https_enabled; alicloud_cloudmonitor_log_group_kms_encryption_enabled; alicloud_dynamodb_accelerator_cluster_encryption_enabled; alicloud_dynamodb_tables_kms_cmk_encryption_enabled; alicloud_ecs_ebs_default_encryption; alicloud_ecs_ebs_volume_encryption; alicloud_efs_encryption_at_rest_enabled; alicloud_eks_cluster_kms_cmk_encryption_in_secrets_enabled; alicloud_elb_ssl_listeners; alicloud_opensearch_service_domains_encryption_at_rest_enabled; alicloud_opensearch_service_domains_node_to_node_encryption_enabled; alicloud_oss_bucket_default_encryption; alicloud_rds_instance_backup_enabled; alicloud_rds_instance_integration_cloudwatch_logs; alicloud_rds_instance_storage_encrypted; alicloud_redshift_cluster_audit_logging; alicloud_redshift_cluster_automated_snapshot; alicloud_sagemaker_notebook_instance_encryption_enabled; alicloud_sns_topics_kms_encryption_at_rest_enabled,84
164_308_a_4_ii_b,164_308_a_4_ii_b: 164.308(a)(4)(ii)(B) Access authorization,164.308 Administrative Safeguards,automated,iam_aws_attached_policy_no_administrative_privileges; iam_customer_attached_policy_no_administrative_privileges; iam_inline_policy_no_administrative_privileges,,,oracle_identity_aws_attached_policy_no_administrative_privileges; oracle_identity_customer_attached_policy_no_administrative_privileges; oracle_identity_inline_policy_no_administrative_privileges,ibm_iam_aws_attached_policy_no_administrative_privileges; ibm_iam_customer_attached_policy_no_administrative_privileges; ibm_iam_inline_policy_no_administrative_privileges,alicloud_ram_aws_attached_policy_no_administrative_privileges; alicloud_ram_customer_attached_policy_no_administrative_privileges; alicloud_ram_inline_policy_no_administrative_privileges,12
164_308_a_4_ii_c,164_308_a_4_ii_c: 164.308(a)(4)(ii)(B) Access authorization,164.308 Administrative Safeguards,automated,iam_aws_attached_policy_no_administrative_privileges; iam_customer_attached_policy_no_administrative_privileges; iam_inline_policy_no_administrative_privileges; iam_no_root_access_key; iam_password_policy_reuse_24; iam_rotate_access_key_90_days; iam_user_accesskey_unused; iam_user_console_access_unused; secretsmanager_automatic_rotation_enabled,,,oracle_identity_aws_attached_policy_no_administrative_privileges; oracle_identity_customer_attached_policy_no_administrative_privileges; oracle_identity_inline_policy_no_administrative_privileges; oracle_identity_no_root_access_key; oracle_identity_password_policy_reuse_24; oracle_identity_rotate_access_key_90_days; oracle_identity_user_accesskey_unused; oracle_identity_user_console_access_unused; oracle_secretsmanager_automatic_rotation_enabled,ibm_iam_aws_attached_policy_no_administrative_privileges; ibm_iam_customer_attached_policy_no_administrative_privileges; ibm_iam_inline_policy_no_administrative_privileges; ibm_iam_no_root_access_key; ibm_iam_password_policy_reuse_24; ibm_iam_rotate_access_key_90_days; ibm_iam_user_accesskey_unused; ibm_iam_user_console_access_unused; ibm_secretsmanager_automatic_rotation_enabled,alicloud_ram_aws_attached_policy_no_administrative_privileges; alicloud_ram_customer_attached_policy_no_administrative_privileges; alicloud_ram_inline_policy_no_administrative_privileges; alicloud_ram_no_root_access_key; alicloud_ram_password_policy_reuse_24; alicloud_ram_rotate_access_key_90_days; alicloud_ram_user_accesskey_unused; alicloud_ram_user_console_access_unused; alicloud_secretsmanager_automatic_rotation_enabled,36
164_308_a_5_ii_b,164_308_a_5_ii_b: 164.308(a)(5)(ii)(B) Protection from malicious software,164.308 Administrative Safeguards,automated,ec2_instance_managed_by_ssm; ssm_managed_compliant_patching,,,oracle_compute_instance_managed_by_ssm; oracle_ssm_managed_compliant_patching,ibm_ssm_managed_compliant_patching; ibm_vsi_instance_managed_by_ssm,alicloud_ecs_instance_managed_by_ssm; alicloud_ssm_managed_compliant_patching,8
164_308_a_5_ii_c,164_308_a_5_ii_c: 164.308(a)(5)(ii)(C) Log-in monitoring,164.308 Administrative Safeguards,automated,cloudwatch_log_metric_filter_authentication_failures; guardduty_is_enabled; securityhub_enabled,,,oracle_cloud_guard_enabled; oracle_cloud_guard_is_enabled; oracle_monitoring_log_metric_filter_authentication_failures,ibm_monitoring_log_metric_filter_authentication_failures; ibm_security_advisor_enabled; ibm_security_advisor_is_enabled,alicloud_cloudmonitor_log_metric_filter_authentication_failures; alicloud_security_center_enabled; alicloud_threat_detection_is_enabled,12
164_308_a_5_ii_d,164_308_a_5_ii_d: 164.308(a)(5)(ii)(D) Password management,164.308 Administrative Safeguards,automated,iam_password_policy_lowercase; iam_password_policy_minimum_length_14; iam_password_policy_number; iam_password_policy_reuse_24; iam_password_policy_symbol; iam_password_policy_uppercase; iam_rotate_access_key_90_days; iam_user_accesskey_unused; iam_user_console_access_unused,,,oracle_identity_password_policy_lowercase; oracle_identity_password_policy_minimum_length_14; oracle_identity_password_policy_number; oracle_identity_password_policy_reuse_24; oracle_identity_password_policy_symbol; oracle_identity_password_policy_uppercase; oracle_identity_rotate_access_key_90_days; oracle_identity_user_accesskey_unused; oracle_identity_user_console_access_unused,ibm_iam_password_policy_lowercase; ibm_iam_password_policy_minimum_length_14; ibm_iam_password_policy_number; ibm_iam_password_policy_reuse_24; ibm_iam_password_policy_symbol; ibm_iam_password_policy_uppercase; ibm_iam_rotate_access_key_90_days; ibm_iam_user_accesskey_unused; ibm_iam_user_console_access_unused,alicloud_ram_password_policy_lowercase; alicloud_ram_password_policy_minimum_length_14; alicloud_ram_password_policy_number; alicloud_ram_password_policy_reuse_24; alicloud_ram_password_policy_symbol; alicloud_ram_password_policy_uppercase; alicloud_ram_rotate_access_key_90_days; alicloud_ram_user_accesskey_unused; alicloud_ram_user_console_access_unused,36
164_308_a_6_i,164_308_a_6_i: 164.308(a)(6)(i) Security incident procedures,164.308 Administrative Safeguards,automated,cloudwatch_changes_to_network_acls_alarm_configured; cloudwatch_changes_to_network_gateways_alarm_configured; cloudwatch_changes_to_network_route_tables_alarm_configured; cloudwatch_changes_to_vpcs_alarm_configured; cloudwatch_log_metric_filter_authentication_failures; cloudwatch_log_metric_filter_root_usage; guardduty_is_enabled; securityhub_enabled,,,oracle_cloud_guard_enabled; oracle_cloud_guard_is_enabled; oracle_monitoring_changes_to_network_acls_alarm_configured; oracle_monitoring_changes_to_network_gateways_alarm_configured; oracle_monitoring_changes_to_network_route_tables_alarm_configured; oracle_monitoring_changes_to_vpcs_alarm_configured; oracle_monitoring_log_metric_filter_authentication_failures; oracle_monitoring_log_metric_filter_root_usage,ibm_monitoring_changes_to_network_acls_alarm_configured; ibm_monitoring_changes_to_network_gateways_alarm_configured; ibm_monitoring_changes_to_network_route_tables_alarm_configured; ibm_monitoring_changes_to_vpcs_alarm_configured; ibm_monitoring_log_metric_filter_authentication_failures; ibm_monitoring_log_metric_filter_root_usage; ibm_security_advisor_enabled; ibm_security_advisor_is_enabled,alicloud_cloudmonitor_changes_to_network_acls_alarm_configured; alicloud_cloudmonitor_changes_to_network_gateways_alarm_configured; alicloud_cloudmonitor_changes_to_network_route_tables_alarm_configured; alicloud_cloudmonitor_changes_to_vpcs_alarm_configured; alicloud_cloudmonitor_log_metric_filter_authentication_failures; alicloud_cloudmonitor_log_metric_filter_root_usage; alicloud_security_center_enabled; alicloud_threat_detection_is_enabled,32
164_308_a_6_ii,164_308_a_6_ii: 164.308(a)(6)(ii) Response and reporting,164.308 Administrative Safeguards,automated,apigateway_restapi_logging_enabled; cloudtrail_cloudwatch_logging_enabled; cloudtrail_multi_region_enabled; cloudtrail_s3_dataevents_read_enabled; cloudtrail_s3_dataevents_write_enabled; cloudwatch_log_metric_filter_authentication_failures; cloudwatch_log_metric_filter_root_usage; elb_logging_enabled; elbv2_logging_enabled; guardduty_is_enabled; guardduty_no_high_severity_findings; s3_bucket_server_access_logging_enabled; securityhub_enabled; vpc_flow_logs_enabled,,,oracle_apigateway_restapi_logging_enabled; oracle_audit_cloudwatch_logging_enabled; oracle_audit_multi_region_enabled; oracle_audit_s3_dataevents_read_enabled; oracle_audit_s3_dataevents_write_enabled; oracle_cloud_guard_enabled; oracle_cloud_guard_is_enabled; oracle_cloud_guard_no_high_severity_findings; oracle_elb_logging_enabled; oracle_elbv2_logging_enabled; oracle_monitoring_log_metric_filter_authentication_failures; oracle_monitoring_log_metric_filter_root_usage; oracle_object_storage_bucket_server_access_logging_enabled; oracle_vcn_flow_logs_enabled,ibm_activity_tracker_cloudwatch_logging_enabled; ibm_activity_tracker_multi_region_enabled; ibm_activity_tracker_s3_dataevents_read_enabled; ibm_activity_tracker_s3_dataevents_write_enabled; ibm_apigateway_restapi_logging_enabled; ibm_cos_bucket_server_access_logging_enabled; ibm_elb_logging_enabled; ibm_elbv2_logging_enabled; ibm_monitoring_log_metric_filter_authentication_failures; ibm_monitoring_log_metric_filter_root_usage; ibm_security_advisor_enabled; ibm_security_advisor_is_enabled; ibm_security_advisor_no_high_severity_findings; ibm_vpc_flow_logs_enabled,alicloud_actiontrail_cloudwatch_logging_enabled; alicloud_actiontrail_multi_region_enabled; alicloud_actiontrail_s3_dataevents_read_enabled; alicloud_actiontrail_s3_dataevents_write_enabled; alicloud_apigateway_restapi_logging_enabled; alicloud_cloudmonitor_log_metric_filter_authentication_failures; alicloud_cloudmonitor_log_metric_filter_root_usage; alicloud_elb_logging_enabled; alicloud_elbv2_logging_enabled; alicloud_oss_bucket_server_access_logging_enabled; alicloud_security_center_enabled; alicloud_threat_detection_is_enabled; alicloud_threat_detection_no_high_severity_findings; alicloud_vpc_flow_logs_enabled,56
164_308_a_7_i,164_308_a_7_i: 164.308(a)(7)(i) Contingency plan,164.308 Administrative Safeguards,automated,dynamodb_tables_pitr_enabled; efs_have_backup_enabled; rds_instance_backup_enabled; rds_instance_multi_az; redshift_cluster_automated_snapshot; s3_bucket_object_versioning,,,oracle_database_instance_backup_enabled; oracle_database_instance_multi_az; oracle_dynamodb_tables_pitr_enabled; oracle_efs_have_backup_enabled; oracle_object_storage_bucket_object_versioning; oracle_redshift_cluster_automated_snapshot,ibm_cos_bucket_object_versioning; ibm_database_instance_backup_enabled; ibm_database_instance_multi_az; ibm_dynamodb_tables_pitr_enabled; ibm_efs_have_backup_enabled; ibm_redshift_cluster_automated_snapshot,alicloud_dynamodb_tables_pitr_enabled; alicloud_efs_have_backup_enabled; alicloud_oss_bucket_object_versioning; alicloud_rds_instance_backup_enabled; alicloud_rds_instance_multi_az; alicloud_redshift_cluster_automated_snapshot,24
164_308_a_7_ii_a,164_308_a_7_ii_a: 164.308(a)(7)(ii)(A) Data backup plan,164.308 Administrative Safeguards,automated,dynamodb_tables_pitr_enabled; efs_have_backup_enabled; rds_instance_backup_enabled; rds_instance_multi_az; redshift_cluster_automated_snapshot; s3_bucket_object_versioning,,,oracle_database_instance_backup_enabled; oracle_database_instance_multi_az; oracle_dynamodb_tables_pitr_enabled; oracle_efs_have_backup_enabled; oracle_object_storage_bucket_object_versioning; oracle_redshift_cluster_automated_snapshot,ibm_cos_bucket_object_versioning; ibm_database_instance_backup_enabled; ibm_database_instance_multi_az; ibm_dynamodb_tables_pitr_enabled; ibm_efs_have_backup_enabled; ibm_redshift_cluster_automated_snapshot,alicloud_dynamodb_tables_pitr_enabled; alicloud_efs_have_backup_enabled; alicloud_oss_bucket_object_versioning; alicloud_rds_instance_backup_enabled; alicloud_rds_instance_multi_az; alicloud_redshift_cluster_automated_snapshot,24
164_308_a_7_ii_b,164_308_a_7_ii_b: 164.308(a)(7)(ii)(B) Disaster recovery plan,164.308 Administrative Safeguards,automated,dynamodb_tables_pitr_enabled; efs_have_backup_enabled; rds_instance_backup_enabled; rds_instance_multi_az; redshift_cluster_automated_snapshot; s3_bucket_object_versioning,,,oracle_database_instance_backup_enabled; oracle_database_instance_multi_az; oracle_dynamodb_tables_pitr_enabled; oracle_efs_have_backup_enabled; oracle_object_storage_bucket_object_versioning; oracle_redshift_cluster_automated_snapshot,ibm_cos_bucket_object_versioning; ibm_database_instance_backup_enabled; ibm_database_instance_multi_az; ibm_dynamodb_tables_pitr_enabled; ibm_efs_have_backup_enabled; ibm_redshift_cluster_automated_snapshot,alicloud_dynamodb_tables_pitr_enabled; alicloud_efs_have_backup_enabled; alicloud_oss_bucket_object_versioning; alicloud_rds_instance_backup_enabled; alicloud_rds_instance_multi_az; alicloud_redshift_cluster_automated_snapshot,24
164_308_a_7_ii_c,164_308_a_7_ii_c: 164.308(a)(7)(ii)(C) Emergency mode operation plan,164.308 Administrative Safeguards,automated,dynamodb_tables_pitr_enabled; efs_have_backup_enabled; rds_instance_backup_enabled; rds_instance_multi_az; redshift_cluster_automated_snapshot; s3_bucket_object_versioning,,,oracle_database_instance_backup_enabled; oracle_database_instance_multi_az; oracle_dynamodb_tables_pitr_enabled; oracle_efs_have_backup_enabled; oracle_object_storage_bucket_object_versioning; oracle_redshift_cluster_automated_snapshot,ibm_cos_bucket_object_versioning; ibm_database_instance_backup_enabled; ibm_database_instance_multi_az; ibm_dynamodb_tables_pitr_enabled; ibm_efs_have_backup_enabled; ibm_redshift_cluster_automated_snapshot,alicloud_dynamodb_tables_pitr_enabled; alicloud_efs_have_backup_enabled; alicloud_oss_bucket_object_versioning; alicloud_rds_instance_backup_enabled; alicloud_rds_instance_multi_az; alicloud_redshift_cluster_automated_snapshot,24
164_308_a_8,164_308_a_8: 164.308(a)(8) Evaluation,164.308 Administrative Safeguards,automated,guardduty_is_enabled; securityhub_enabled,,,oracle_cloud_guard_enabled; oracle_cloud_guard_is_enabled,ibm_security_advisor_enabled; ibm_security_advisor_is_enabled,alicloud_security_center_enabled; alicloud_threat_detection_is_enabled,8
164_312_a_1,164_312_a_1: 164.312(a)(1) Access control,164.312 Technical Safeguards,automated,awslambda_function_not_publicly_accessible; awslambda_function_url_public; ec2_ebs_public_snapshot; ec2_instance_public_ip; emr_cluster_master_nodes_no_public_ip; iam_aws_attached_policy_no_administrative_privileges; iam_customer_attached_policy_no_administrative_privileges; iam_inline_policy_no_administrative_privileges; iam_user_mfa_enabled_console_access; rds_instance_no_public_access; rds_snapshots_public_access; redshift_cluster_public_access; s3_bucket_policy_public_write_access; s3_bucket_public_access; sagemaker_notebook_instance_without_direct_internet_access_configured,,,oracle_awslambda_function_not_publicly_accessible; oracle_awslambda_function_url_public; oracle_compute_ebs_public_snapshot; oracle_compute_instance_public_ip; oracle_database_instance_no_public_access; oracle_database_snapshots_public_access; oracle_emr_cluster_master_nodes_no_public_ip; oracle_identity_aws_attached_policy_no_administrative_privileges; oracle_identity_customer_attached_policy_no_administrative_privileges; oracle_identity_inline_policy_no_administrative_privileges; oracle_identity_user_mfa_enabled_console_access; oracle_object_storage_bucket_policy_public_write_access; oracle_object_storage_bucket_public_access; oracle_redshift_cluster_public_access; oracle_sagemaker_notebook_instance_without_direct_internet_access_configured,ibm_awslambda_function_not_publicly_accessible; ibm_awslambda_function_url_public; ibm_cos_bucket_policy_public_write_access; ibm_cos_bucket_public_access; ibm_database_instance_no_public_access; ibm_database_snapshots_public_access; ibm_emr_cluster_master_nodes_no_public_ip; ibm_iam_aws_attached_policy_no_administrative_privileges; ibm_iam_customer_attached_policy_no_administrative_privileges; ibm_iam_inline_policy_no_administrative_privileges; ibm_iam_user_mfa_enabled_console_access; ibm_redshift_cluster_public_access; ibm_sagemaker_notebook_instance_without_direct_internet_access_configured; ibm_vsi_ebs_public_snapshot; ibm_vsi_instance_public_ip,alicloud_awslambda_function_not_publicly_accessible; alicloud_awslambda_function_url_public; alicloud_ecs_ebs_public_snapshot; alicloud_ecs_instance_public_ip; alicloud_emr_cluster_master_nodes_no_public_ip; alicloud_oss_bucket_policy_public_write_access; alicloud_oss_bucket_public_access; alicloud_ram_aws_attached_policy_no_administrative_privileges; alicloud_ram_customer_attached_policy_no_administrative_privileges; alicloud_ram_inline_policy_no_administrative_privileges; alicloud_ram_user_mfa_enabled_console_access; alicloud_rds_instance_no_public_access; alicloud_rds_snapshots_public_access; alicloud_redshift_cluster_public_access; alicloud_sagemaker_notebook_instance_without_direct_internet_access_configured,60
164_312_a_2_i,164_312_a_2_i: 164.312(a)(2)(i) Unique user identification,164.312 Technical Safeguards,automated,cloudtrail_s3_dataevents_read_enabled; cloudtrail_s3_dataevents_write_enabled; iam_no_root_access_key; s3_bucket_public_access,,,oracle_audit_s3_dataevents_read_enabled; oracle_audit_s3_dataevents_write_enabled; oracle_identity_no_root_access_key; oracle_object_storage_bucket_public_access,ibm_activity_tracker_s3_dataevents_read_enabled; ibm_activity_tracker_s3_dataevents_write_enabled; ibm_cos_bucket_public_access; ibm_iam_no_root_access_key,alicloud_actiontrail_s3_dataevents_read_enabled; alicloud_actiontrail_s3_dataevents_write_enabled; alicloud_oss_bucket_public_access; alicloud_ram_no_root_access_key,16
164_312_a_2_ii,164_312_a_2_ii: 164.312(a)(2)(ii) Emergency access procedure,164.312 Technical Safeguards,automated,dynamodb_tables_pitr_enabled; efs_have_backup_enabled; rds_instance_backup_enabled; redshift_cluster_automated_snapshot; s3_bucket_object_versioning,,,oracle_database_instance_backup_enabled; oracle_dynamodb_tables_pitr_enabled; oracle_efs_have_backup_enabled; oracle_object_storage_bucket_object_versioning; oracle_redshift_cluster_automated_snapshot,ibm_cos_bucket_object_versioning; ibm_database_instance_backup_enabled; ibm_dynamodb_tables_pitr_enabled; ibm_efs_have_backup_enabled; ibm_redshift_cluster_automated_snapshot,alicloud_dynamodb_tables_pitr_enabled; alicloud_efs_have_backup_enabled; alicloud_oss_bucket_object_versioning; alicloud_rds_instance_backup_enabled; alicloud_redshift_cluster_automated_snapshot,20
164_312_a_2_iv,164_312_a_2_iv: 164.312(a)(2)(iv) Encryption and decryption,164.312 Technical Safeguards,automated,cloudtrail_kms_encryption_enabled; cloudwatch_log_group_kms_encryption_enabled; dynamodb_accelerator_cluster_encryption_enabled; dynamodb_tables_kms_cmk_encryption_enabled; ec2_ebs_default_encryption; ec2_ebs_volume_encryption; efs_encryption_at_rest_enabled; eks_cluster_kms_cmk_encryption_in_secrets_enabled; kms_cmk_rotation_enabled; opensearch_service_domains_encryption_at_rest_enabled; rds_instance_storage_encrypted; redshift_cluster_audit_logging; s3_bucket_default_encryption; s3_bucket_secure_transport_policy; sagemaker_notebook_instance_encryption_enabled; sns_topics_kms_encryption_at_rest_enabled,,,oracle_audit_kms_encryption_enabled; oracle_compute_ebs_default_encryption; oracle_compute_ebs_volume_encryption; oracle_database_instance_storage_encrypted; oracle_dynamodb_accelerator_cluster_encryption_enabled; oracle_dynamodb_tables_kms_cmk_encryption_enabled; oracle_efs_encryption_at_rest_enabled; oracle_eks_cluster_kms_cmk_encryption_in_secrets_enabled; oracle_kms_cmk_rotation_enabled; oracle_monitoring_log_group_kms_encryption_enabled; oracle_object_storage_bucket_default_encryption; oracle_object_storage_bucket_secure_transport_policy; oracle_opensearch_service_domains_encryption_at_rest_enabled; oracle_redshift_cluster_audit_logging; oracle_sagemaker_notebook_instance_encryption_enabled; oracle_sns_topics_kms_encryption_at_rest_enabled,ibm_activity_tracker_kms_encryption_enabled; ibm_cos_bucket_default_encryption; ibm_cos_bucket_secure_transport_policy; ibm_database_instance_storage_encrypted; ibm_dynamodb_accelerator_cluster_encryption_enabled; ibm_dynamodb_tables_kms_cmk_encryption_enabled; ibm_efs_encryption_at_rest_enabled; ibm_eks_cluster_kms_cmk_encryption_in_secrets_enabled; ibm_key_protect_cmk_rotation_enabled; ibm_monitoring_log_group_kms_encryption_enabled; ibm_opensearch_service_domains_encryption_at_rest_enabled; ibm_redshift_cluster_audit_logging; ibm_sagemaker_notebook_instance_encryption_enabled; ibm_sns_topics_kms_encryption_at_rest_enabled; ibm_vsi_ebs_default_encryption; ibm_vsi_ebs_volume_encryption,alicloud_actiontrail_kms_encryption_enabled; alicloud_cloudmonitor_log_group_kms_encryption_enabled; alicloud_dynamodb_accelerator_cluster_encryption_enabled; alicloud_dynamodb_tables_kms_cmk_encryption_enabled; alicloud_ecs_ebs_default_encryption; alicloud_ecs_ebs_volume_encryption; alicloud_efs_encryption_at_rest_enabled; alicloud_eks_cluster_kms_cmk_encryption_in_secrets_enabled; alicloud_kms_cmk_rotation_enabled; alicloud_opensearch_service_domains_encryption_at_rest_enabled; alicloud_oss_bucket_default_encryption; alicloud_oss_bucket_secure_transport_policy; alicloud_rds_instance_storage_encrypted; alicloud_redshift_cluster_audit_logging; alicloud_sagemaker_notebook_instance_encryption_enabled; alicloud_sns_topics_kms_encryption_at_rest_enabled,64
164_312_b,164_312_b: 164.312(b) Audit controls,164.312 Technical Safeguards,automated,apigateway_restapi_logging_enabled; cloudtrail_cloudwatch_logging_enabled; cloudtrail_log_file_validation_enabled; cloudtrail_multi_region_enabled; cloudtrail_s3_dataevents_read_enabled; cloudtrail_s3_dataevents_write_enabled; cloudwatch_log_group_retention_policy_specific_days_enabled; elb_logging_enabled; elbv2_logging_enabled; guardduty_is_enabled; rds_instance_integration_cloudwatch_logs; redshift_cluster_audit_logging; s3_bucket_server_access_logging_enabled; securityhub_enabled; vpc_flow_logs_enabled,,,oracle_apigateway_restapi_logging_enabled; oracle_audit_cloudwatch_logging_enabled; oracle_audit_log_file_validation_enabled; oracle_audit_multi_region_enabled; oracle_audit_s3_dataevents_read_enabled; oracle_audit_s3_dataevents_write_enabled; oracle_cloud_guard_enabled; oracle_cloud_guard_is_enabled; oracle_database_instance_integration_cloudwatch_logs; oracle_elb_logging_enabled; oracle_elbv2_logging_enabled; oracle_monitoring_log_group_retention_policy_specific_days_enabled; oracle_object_storage_bucket_server_access_logging_enabled; oracle_redshift_cluster_audit_logging; oracle_vcn_flow_logs_enabled,ibm_activity_tracker_cloudwatch_logging_enabled; ibm_activity_tracker_log_file_validation_enabled; ibm_activity_tracker_multi_region_enabled; ibm_activity_tracker_s3_dataevents_read_enabled; ibm_activity_tracker_s3_dataevents_write_enabled; ibm_apigateway_restapi_logging_enabled; ibm_cos_bucket_server_access_logging_enabled; ibm_database_instance_integration_cloudwatch_logs; ibm_elb_logging_enabled; ibm_elbv2_logging_enabled; ibm_monitoring_log_group_retention_policy_specific_days_enabled; ibm_redshift_cluster_audit_logging; ibm_security_advisor_enabled; ibm_security_advisor_is_enabled; ibm_vpc_flow_logs_enabled,alicloud_actiontrail_cloudwatch_logging_enabled; alicloud_actiontrail_log_file_validation_enabled; alicloud_actiontrail_multi_region_enabled; alicloud_actiontrail_s3_dataevents_read_enabled; alicloud_actiontrail_s3_dataevents_write_enabled; alicloud_apigateway_restapi_logging_enabled; alicloud_cloudmonitor_log_group_retention_policy_specific_days_enabled; alicloud_elb_logging_enabled; alicloud_elbv2_logging_enabled; alicloud_oss_bucket_server_access_logging_enabled; alicloud_rds_instance_integration_cloudwatch_logs; alicloud_redshift_cluster_audit_logging; alicloud_security_center_enabled; alicloud_threat_detection_is_enabled; alicloud_vpc_flow_logs_enabled,60
164_312_c_1,164_312_c_1: 164.312(c)(1) Integrity,164.312 Technical Safeguards,automated,cloudtrail_kms_encryption_enabled; cloudtrail_log_file_validation_enabled; ec2_ebs_volume_encryption; s3_bucket_default_encryption; s3_bucket_object_versioning; s3_bucket_secure_transport_policy,,,oracle_audit_kms_encryption_enabled; oracle_audit_log_file_validation_enabled; oracle_compute_ebs_volume_encryption; oracle_object_storage_bucket_default_encryption; oracle_object_storage_bucket_object_versioning; oracle_object_storage_bucket_secure_transport_policy,ibm_activity_tracker_kms_encryption_enabled; ibm_activity_tracker_log_file_validation_enabled; ibm_cos_bucket_default_encryption; ibm_cos_bucket_object_versioning; ibm_cos_bucket_secure_transport_policy; ibm_vsi_ebs_volume_encryption,alicloud_actiontrail_kms_encryption_enabled; alicloud_actiontrail_log_file_validation_enabled; alicloud_ecs_ebs_volume_encryption; alicloud_oss_bucket_default_encryption; alicloud_oss_bucket_object_versioning; alicloud_oss_bucket_secure_transport_policy,24
164_312_c_2,164_312_c_2: 164.312(c)(2) Mechanism to authenticate electronic protected health information,164.312 Technical Safeguards,automated,cloudtrail_kms_encryption_enabled; cloudtrail_log_file_validation_enabled; ec2_ebs_volume_encryption; s3_bucket_default_encryption; s3_bucket_object_versioning; s3_bucket_secure_transport_policy; vpc_flow_logs_enabled,,,oracle_audit_kms_encryption_enabled; oracle_audit_log_file_validation_enabled; oracle_compute_ebs_volume_encryption; oracle_object_storage_bucket_default_encryption; oracle_object_storage_bucket_object_versioning; oracle_object_storage_bucket_secure_transport_policy; oracle_vcn_flow_logs_enabled,ibm_activity_tracker_kms_encryption_enabled; ibm_activity_tracker_log_file_validation_enabled; ibm_cos_bucket_default_encryption; ibm_cos_bucket_object_versioning; ibm_cos_bucket_secure_transport_policy; ibm_vpc_flow_logs_enabled; ibm_vsi_ebs_volume_encryption,alicloud_actiontrail_kms_encryption_enabled; alicloud_actiontrail_log_file_validation_enabled; alicloud_ecs_ebs_volume_encryption; alicloud_oss_bucket_default_encryption; alicloud_oss_bucket_object_versioning; alicloud_oss_bucket_secure_transport_policy; alicloud_vpc_flow_logs_enabled,28
164_312_d,164_312_d: 164.312(d) Person or entity authentication,164.312 Technical Safeguards,automated,iam_password_policy_reuse_24; iam_root_hardware_mfa_enabled; iam_root_mfa_enabled; iam_user_mfa_enabled_console_access,,,oracle_identity_password_policy_reuse_24; oracle_identity_root_hardware_mfa_enabled; oracle_identity_root_mfa_enabled; oracle_identity_user_mfa_enabled_console_access,ibm_iam_password_policy_reuse_24; ibm_iam_root_hardware_mfa_enabled; ibm_iam_root_mfa_enabled; ibm_iam_user_mfa_enabled_console_access,alicloud_ram_password_policy_reuse_24; alicloud_ram_root_hardware_mfa_enabled; alicloud_ram_root_mfa_enabled; alicloud_ram_user_mfa_enabled_console_access,16
164_312_e_1,164_312_e_1: 164.312(e)(1) Transmission security,164.312 Technical Safeguards,automated,acm_certificates_expiration_check; awslambda_function_not_publicly_accessible; cloudfront_distributions_https_enabled; ec2_networkacl_allow_ingress_any_port; ec2_securitygroup_allow_ingress_from_internet_to_tcp_port_22; elb_ssl_listeners; opensearch_service_domains_node_to_node_encryption_enabled; s3_bucket_secure_transport_policy,,,oracle_acm_certificates_expiration_check; oracle_awslambda_function_not_publicly_accessible; oracle_cloudfront_distributions_https_enabled; oracle_compute_networkacl_allow_ingress_any_port; oracle_compute_securitygroup_allow_ingress_from_internet_to_tcp_port_22; oracle_elb_ssl_listeners; oracle_object_storage_bucket_secure_transport_policy; oracle_opensearch_service_domains_node_to_node_encryption_enabled,ibm_acm_certificates_expiration_check; ibm_awslambda_function_not_publicly_accessible; ibm_cloudfront_distributions_https_enabled; ibm_cos_bucket_secure_transport_policy; ibm_elb_ssl_listeners; ibm_opensearch_service_domains_node_to_node_encryption_enabled; ibm_vsi_networkacl_allow_ingress_any_port; ibm_vsi_securitygroup_allow_ingress_from_internet_to_tcp_port_22,alicloud_acm_certificates_expiration_check; alicloud_awslambda_function_not_publicly_accessible; alicloud_cloudfront_distributions_https_enabled; alicloud_ecs_networkacl_allow_ingress_any_port; alicloud_ecs_securitygroup_allow_ingress_from_internet_to_tcp_port_22; alicloud_elb_ssl_listeners; alicloud_opensearch_service_domains_node_to_node_encryption_enabled; alicloud_oss_bucket_secure_transport_policy,32
164_312_e_2_i,164_312_e_2_i: 164.312(e)(2)(i) Integrity controls,164.312 Technical Safeguards,automated,cloudtrail_cloudwatch_logging_enabled; cloudtrail_multi_region_enabled; cloudtrail_s3_dataevents_read_enabled; cloudtrail_s3_dataevents_write_enabled; elb_ssl_listeners; guardduty_is_enabled; s3_bucket_secure_transport_policy; s3_bucket_server_access_logging_enabled; securityhub_enabled,,,oracle_audit_cloudwatch_logging_enabled; oracle_audit_multi_region_enabled; oracle_audit_s3_dataevents_read_enabled; oracle_audit_s3_dataevents_write_enabled; oracle_cloud_guard_enabled; oracle_cloud_guard_is_enabled; oracle_elb_ssl_listeners; oracle_object_storage_bucket_secure_transport_policy; oracle_object_storage_bucket_server_access_logging_enabled,ibm_activity_tracker_cloudwatch_logging_enabled; ibm_activity_tracker_multi_region_enabled; ibm_activity_tracker_s3_dataevents_read_enabled; ibm_activity_tracker_s3_dataevents_write_enabled; ibm_cos_bucket_secure_transport_policy; ibm_cos_bucket_server_access_logging_enabled; ibm_elb_ssl_listeners; ibm_security_advisor_enabled; ibm_security_advisor_is_enabled,alicloud_actiontrail_cloudwatch_logging_enabled; alicloud_actiontrail_multi_region_enabled; alicloud_actiontrail_s3_dataevents_read_enabled; alicloud_actiontrail_s3_dataevents_write_enabled; alicloud_elb_ssl_listeners; alicloud_oss_bucket_secure_transport_policy; alicloud_oss_bucket_server_access_logging_enabled; alicloud_security_center_enabled; alicloud_threat_detection_is_enabled,36
164_312_e_2_ii,164_312_e_2_ii: 164.312(e)(2)(ii) Encryption,164.312 Technical Safeguards,automated,cloudtrail_kms_encryption_enabled; cloudwatch_log_group_kms_encryption_enabled; dynamodb_accelerator_cluster_encryption_enabled; dynamodb_tables_kms_cmk_encryption_enabled; ec2_ebs_default_encryption; ec2_ebs_volume_encryption; efs_encryption_at_rest_enabled; eks_cluster_kms_cmk_encryption_in_secrets_enabled; elb_ssl_listeners; opensearch_service_domains_encryption_at_rest_enabled; rds_instance_storage_encrypted; redshift_cluster_audit_logging; s3_bucket_default_encryption; s3_bucket_secure_transport_policy; sagemaker_notebook_instance_encryption_enabled; sns_topics_kms_encryption_at_rest_enabled,,,oracle_audit_kms_encryption_enabled; oracle_compute_ebs_default_encryption; oracle_compute_ebs_volume_encryption; oracle_database_instance_storage_encrypted; oracle_dynamodb_accelerator_cluster_encryption_enabled; oracle_dynamodb_tables_kms_cmk_encryption_enabled; oracle_efs_encryption_at_rest_enabled; oracle_eks_cluster_kms_cmk_encryption_in_secrets_enabled; oracle_elb_ssl_listeners; oracle_monitoring_log_group_kms_encryption_enabled; oracle_object_storage_bucket_default_encryption; oracle_object_storage_bucket_secure_transport_policy; oracle_opensearch_service_domains_encryption_at_rest_enabled; oracle_redshift_cluster_audit_logging; oracle_sagemaker_notebook_instance_encryption_enabled; oracle_sns_topics_kms_encryption_at_rest_enabled,ibm_activity_tracker_kms_encryption_enabled; ibm_cos_bucket_default_encryption; ibm_cos_bucket_secure_transport_policy; ibm_database_instance_storage_encrypted; ibm_dynamodb_accelerator_cluster_encryption_enabled; ibm_dynamodb_tables_kms_cmk_encryption_enabled; ibm_efs_encryption_at_rest_enabled; ibm_eks_cluster_kms_cmk_encryption_in_secrets_enabled; ibm_elb_ssl_listeners; ibm_monitoring_log_group_kms_encryption_enabled; ibm_opensearch_service_domains_encryption_at_rest_enabled; ibm_redshift_cluster_audit_logging; ibm_sagemaker_notebook_instance_encryption_enabled; ibm_sns_topics_kms_encryption_at_rest_enabled; ibm_vsi_ebs_default_encryption; ibm_vsi_ebs_volume_encryption,alicloud_actiontrail_kms_encryption_enabled; alicloud_cloudmonitor_log_group_kms_encryption_enabled; alicloud_dynamodb_accelerator_cluster_encryption_enabled; alicloud_dynamodb_tables_kms_cmk_encryption_enabled; alicloud_ecs_ebs_default_encryption; alicloud_ecs_ebs_volume_encryption; alicloud_efs_encryption_at_rest_enabled; alicloud_eks_cluster_kms_cmk_encryption_in_secrets_enabled; alicloud_elb_ssl_listeners; alicloud_opensearch_service_domains_encryption_at_rest_enabled; alicloud_oss_bucket_default_encryption; alicloud_oss_bucket_secure_transport_policy; alicloud_rds_instance_storage_encrypted; alicloud_redshift_cluster_audit_logging; alicloud_sagemaker_notebook_instance_encryption_enabled; alicloud_sns_topics_kms_encryption_at_rest_enabled,64
